CWE15_External_Control_of_System_or_Configuration_Setting,,
CWE23_Relative_Path_Traversal,,
CWE36_Absolute_Path_Traversal,,
CWE78_OS_Command_Injection,,
CWE90_LDAP_Injection,,
CWE114_Process_Control,,
CWE121_Stack_Based_Buffer_Overflow,,
CWE122_Heap_Based_Buffer_Overflow,,
CWE123_Write_What_Where_Condition,,
CWE124_Buffer_Underwrite,,
CWE126_Buffer_Overread,,
CWE127_Buffer_Underread,,
CWE134_Uncontrolled_Format_String,,
CWE176_Improper_Handling_of_Unicode_Encoding,,
CWE188_Reliance_on_Data_Memory_Layout,,
CWE190_Integer_Overflow,,
CWE191_Integer_Underflow,,
,,
File#,sink_keyword,
CWE15_External_Control_of_System_or_Configuration_Setting__w32,if (!SetComputerNameA(data)),
CWE23_Relative_Path_Traversal__char_connect_socket_fopen,"pFile = FOPEN(data, ""wb+"");",
CWE23_Relative_Path_Traversal__char_connect_socket_ifstream,inputFile.open((char *)data);,
CWE23_Relative_Path_Traversal__char_connect_socket_ofstream,outputFile.open((char *)data);,
CWE23_Relative_Path_Traversal__char_connect_socket_open,"fileDesc = OPEN(data, O_RDWR|O_CREAT, S_IREAD|S_IWRITE);",
CWE23_Relative_Path_Traversal__char_connect_socket_w32CreateFile,"hFile = CreateFileA(data,
                            (GENERIC_WRITE|GENERIC_READ),
                            0,
                            NULL,
                            OPEN_ALWAYS,
                            FILE_ATTRIBUTE_NORMAL,
                            NULL);",
CWE23_Relative_Path_Traversal__char_console_fopen,"pFile = FOPEN(data, ""wb+"");",
CWE23_Relative_Path_Traversal__char_console_ifstream,inputFile.open((char *)data);,
CWE23_Relative_Path_Traversal__char_console_ofstream,outputFile.open((char *)data);,
CWE23_Relative_Path_Traversal__char_console_open,"fileDesc = OPEN(data, O_RDWR|O_CREAT, S_IREAD|S_IWRITE);",
CWE23_Relative_Path_Traversal__char_console_w32CreateFile,"hFile = CreateFileA(data,
                            (GENERIC_WRITE|GENERIC_READ),
                            0,
                            NULL,
                            OPEN_ALWAYS,
                            FILE_ATTRIBUTE_NORMAL,
                            NULL);",
CWE23_Relative_Path_Traversal__char_environment_fopen,"pFile = FOPEN(data, ""wb+"");",
CWE23_Relative_Path_Traversal__char_environment_ifstream,inputFile.open((char *)data);,
CWE23_Relative_Path_Traversal__char_environment_ofstream,outputFile.open((char *)data);,
CWE23_Relative_Path_Traversal__char_environment_open,outputFile.open((char *)data);,
CWE23_Relative_Path_Traversal__char_environment_w32CreateFile,"hFile = CreateFileA(data,
                            (GENERIC_WRITE|GENERIC_READ),
                            0,
                            NULL,
                            OPEN_ALWAYS,
                            FILE_ATTRIBUTE_NORMAL,
                            NULL);",
CWE23_Relative_Path_Traversal__char_file_fopen,"pFile = FOPEN(data, ""wb+"");",
CWE23_Relative_Path_Traversal__char_file_ifstream,inputFile.open((char *)data);,
CWE23_Relative_Path_Traversal__char_file_ofstream,outputFile.open((char *)data);,
CWE23_Relative_Path_Traversal__char_file_open,"fileDesc = OPEN(data, O_RDWR|O_CREAT, S_IREAD|S_IWRITE);",
CWE23_Relative_Path_Traversal__char_file_w32CreateFile,"hFile = CreateFileA(data,
                            (GENERIC_WRITE|GENERIC_READ),
                            0,
                            NULL,
                            OPEN_ALWAYS,
                            FILE_ATTRIBUTE_NORMAL,
                            NULL);",
CWE23_Relative_Path_Traversal__char_listen_socket_fopen,"pFile = FOPEN(data, ""wb+"");",
CWE23_Relative_Path_Traversal__char_listen_socket_ifstream,inputFile.open((char *)data);,
CWE23_Relative_Path_Traversal__char_listen_socket_ofstream,outputFile.open((char *)data);,
CWE23_Relative_Path_Traversal__char_listen_socket_open,"fileDesc = OPEN(data, O_RDWR|O_CREAT, S_IREAD|S_IWRITE);",
CWE23_Relative_Path_Traversal__char_listen_socket_w32CreateFile,"hFile = CreateFileA(data,
                            (GENERIC_WRITE|GENERIC_READ),
                            0,
                            NULL,
                            OPEN_ALWAYS,
                            FILE_ATTRIBUTE_NORMAL,
                            NULL);",
CWE23_Relative_Path_Traversal__wchar_t_connect_socket_fopen,"pFile = FOPEN(data, L""wb+"");",
CWE23_Relative_Path_Traversal__wchar_t_connect_socket_ifstream,inputFile.open((char *)data);,
CWE23_Relative_Path_Traversal__wchar_t_connect_socket_ofstream,outputFile.open((char *)data);,
CWE23_Relative_Path_Traversal__wchar_t_connect_socket_open,outputFile.open((char *)data);,
CWE23_Relative_Path_Traversal__wchar_t_connect_socket_w32CreateFile,"hFile = CreateFileW(data,
                            (GENERIC_WRITE|GENERIC_READ),
                            0,
                            NULL,
                            OPEN_ALWAYS,
                            FILE_ATTRIBUTE_NORMAL,
                            NULL);",
CWE23_Relative_Path_Traversal__wchar_t_console_fopen,"pFile = FOPEN(data, L""wb+"");",
CWE23_Relative_Path_Traversal__wchar_t_console_ifstream,inputFile.open((char *)data);,
CWE23_Relative_Path_Traversal__wchar_t_console_ofstream,outputFile.open((char *)data);,
CWE23_Relative_Path_Traversal__wchar_t_console_open,"fileDesc = OPEN(data, O_RDWR|O_CREAT, S_IREAD|S_IWRITE);",
CWE23_Relative_Path_Traversal__wchar_t_console_w32CreateFile,"hFile = CreateFileW(data,
                            (GENERIC_WRITE|GENERIC_READ),
                            0,
                            NULL,
                            OPEN_ALWAYS,
                            FILE_ATTRIBUTE_NORMAL,
                            NULL);",
CWE23_Relative_Path_Traversal__wchar_t_environment_fopen,"pFile = FOPEN(data, L""wb+"");",
CWE23_Relative_Path_Traversal__wchar_t_environment_ifstream,inputFile.open((char *)data);,
CWE23_Relative_Path_Traversal__wchar_t_environment_ofstream,outputFile.open((char *)data);,
CWE23_Relative_Path_Traversal__wchar_t_environment_open,"fileDesc = OPEN(data, O_RDWR|O_CREAT, S_IREAD|S_IWRITE);",
CWE23_Relative_Path_Traversal__wchar_t_environment_w32CreateFile,"hFile = CreateFileW(data,
                            (GENERIC_WRITE|GENERIC_READ),
                            0,
                            NULL,
                            OPEN_ALWAYS,
                            FILE_ATTRIBUTE_NORMAL,
                            NULL);",
CWE23_Relative_Path_Traversal__wchar_t_file_fopen,"pFile = FOPEN(data, L""wb+"");",
CWE23_Relative_Path_Traversal__wchar_t_file_ifstream,inputFile.open((char *)data);,
CWE23_Relative_Path_Traversal__wchar_t_file_ofstream,outputFile.open((char *)data);,
CWE23_Relative_Path_Traversal__wchar_t_file_open,"fileDesc = OPEN(data, O_RDWR|O_CREAT, S_IREAD|S_IWRITE);",
CWE23_Relative_Path_Traversal__wchar_t_file_w32CreateFile,"hFile = CreateFileW(data,
                            (GENERIC_WRITE|GENERIC_READ),
                            0,
                            NULL,
                            OPEN_ALWAYS,
                            FILE_ATTRIBUTE_NORMAL,
                            NULL);",
CWE23_Relative_Path_Traversal__wchar_t_listen_socket_fopen,"pFile = FOPEN(data, L""wb+"");",
CWE23_Relative_Path_Traversal__wchar_t_listen_socket_ifstream,inputFile.open((char *)data);,
CWE23_Relative_Path_Traversal__wchar_t_listen_socket_ofstream,outputFile.open((char *)data);,
CWE23_Relative_Path_Traversal__wchar_t_listen_socket_open,"fileDesc = OPEN(data, O_RDWR|O_CREAT, S_IREAD|S_IWRITE);",
CWE23_Relative_Path_Traversal__wchar_t_listen_socket_w32CreateFile,"hFile = CreateFileW(data,
                            (GENERIC_WRITE|GENERIC_READ),
                            0,
                            NULL,
                            OPEN_ALWAYS,
                            FILE_ATTRIBUTE_NORMAL,
                            NULL);",
CWE36_Absolute_Path_Traversal__char_connect_socket_fopen,"pFile = FOPEN(data, ""wb+"");",
CWE36_Absolute_Path_Traversal__char_connect_socket_ifstream,inputFile.open((char *)data);,
CWE36_Absolute_Path_Traversal__char_connect_socket_ofstream,outputFile.open((char *)data);,
CWE36_Absolute_Path_Traversal__char_connect_socket_open,"fileDesc = OPEN(data, O_RDWR|O_CREAT, S_IREAD|S_IWRITE);",
CWE36_Absolute_Path_Traversal__char_connect_socket_w32CreateFile,"hFile = CreateFileA(data,
                            (GENERIC_WRITE|GENERIC_READ),
                            0,
                            NULL,
                            OPEN_ALWAYS,
                            FILE_ATTRIBUTE_NORMAL,
                            NULL);",
CWE36_Absolute_Path_Traversal__char_console_fopen,"pFile = FOPEN(data, ""wb+"");",
CWE36_Absolute_Path_Traversal__char_console_ifstream,inputFile.open((char *)data);,
CWE36_Absolute_Path_Traversal__char_console_ofstream,outputFile.open((char *)data);,
CWE36_Absolute_Path_Traversal__char_console_open,"fileDesc = OPEN(data, O_RDWR|O_CREAT, S_IREAD|S_IWRITE);",
CWE36_Absolute_Path_Traversal__char_console_w32CreateFile,"hFile = CreateFileA(data,
                            (GENERIC_WRITE|GENERIC_READ),
                            0,
                            NULL,
                            OPEN_ALWAYS,
                            FILE_ATTRIBUTE_NORMAL,
                            NULL);",
CWE36_Absolute_Path_Traversal__char_environment_fopen,"pFile = FOPEN(data, ""wb+"");",
CWE36_Absolute_Path_Traversal__char_environment_ifstream,inputFile.open((char *)data);,
CWE36_Absolute_Path_Traversal__char_environment_ofstream,outputFile.open((char *)data);,
CWE36_Absolute_Path_Traversal__char_environment_open,"fileDesc = OPEN(data, O_RDWR|O_CREAT, S_IREAD|S_IWRITE);",
CWE36_Absolute_Path_Traversal__char_environment_w32CreateFile,"hFile = CreateFileA(data,
                            (GENERIC_WRITE|GENERIC_READ),
                            0,
                            NULL,
                            OPEN_ALWAYS,
                            FILE_ATTRIBUTE_NORMAL,
                            NULL);",
CWE36_Absolute_Path_Traversal__char_file_fopen,"pFile = FOPEN(data, ""wb+"");",
CWE36_Absolute_Path_Traversal__char_file_ifstream,inputFile.open((char *)data);,
CWE36_Absolute_Path_Traversal__char_file_ofstream,outputFile.open((char *)data);,
CWE36_Absolute_Path_Traversal__char_file_open,"fileDesc = OPEN(data, O_RDWR|O_CREAT, S_IREAD|S_IWRITE);",
CWE36_Absolute_Path_Traversal__char_file_w32CreateFile,"hFile = CreateFileA(data,
                            (GENERIC_WRITE|GENERIC_READ),
                            0,
                            NULL,
                            OPEN_ALWAYS,
                            FILE_ATTRIBUTE_NORMAL,
                            NULL);",
CWE36_Absolute_Path_Traversal__char_listen_socket_fopen,"pFile = FOPEN(data, ""wb+"");",
CWE36_Absolute_Path_Traversal__char_listen_socket_ifstream,inputFile.open((char *)data);,
CWE36_Absolute_Path_Traversal__char_listen_socket_ofstream,outputFile.open((char *)data);,
CWE36_Absolute_Path_Traversal__char_listen_socket_open,"fileDesc = OPEN(data, O_RDWR|O_CREAT, S_IREAD|S_IWRITE);",
CWE36_Absolute_Path_Traversal__char_listen_socket_w32CreateFile,"hFile = CreateFileA(data,
                            (GENERIC_WRITE|GENERIC_READ),
                            0,
                            NULL,
                            OPEN_ALWAYS,
                            FILE_ATTRIBUTE_NORMAL,
                            NULL);",
CWE36_Absolute_Path_Traversal__wchar_t_connect_socket_fopen,"pFile = FOPEN(data, L""wb+"");",
CWE36_Absolute_Path_Traversal__wchar_t_connect_socket_ifstream,inputFile.open((char *)data);,
CWE36_Absolute_Path_Traversal__wchar_t_connect_socket_ofstream,outputFile.open((char *)data);,
CWE36_Absolute_Path_Traversal__wchar_t_connect_socket_open,"fileDesc = OPEN(data, O_RDWR|O_CREAT, S_IREAD|S_IWRITE);",
CWE36_Absolute_Path_Traversal__wchar_t_connect_socket_w32CreateFile,"hFile = CreateFileW(data,
                            (GENERIC_WRITE|GENERIC_READ),
                            0,
                            NULL,
                            OPEN_ALWAYS,
                            FILE_ATTRIBUTE_NORMAL,
                            NULL);",
CWE36_Absolute_Path_Traversal__wchar_t_console_fopen,"pFile = FOPEN(data, L""wb+"");",
CWE36_Absolute_Path_Traversal__wchar_t_console_ifstream,inputFile.open((char *)data);,
CWE36_Absolute_Path_Traversal__wchar_t_console_ofstream,outputFile.open((char *)data);,
CWE36_Absolute_Path_Traversal__wchar_t_console_open,"fileDesc = OPEN(data, O_RDWR|O_CREAT, S_IREAD|S_IWRITE);",
CWE36_Absolute_Path_Traversal__wchar_t_console_w32CreateFile,"hFile = CreateFileW(data,
                            (GENERIC_WRITE|GENERIC_READ),
                            0,
                            NULL,
                            OPEN_ALWAYS,
                            FILE_ATTRIBUTE_NORMAL,
                            NULL);",
CWE36_Absolute_Path_Traversal__wchar_t_environment_fopen,"pFile = FOPEN(data, L""wb+"");",
CWE36_Absolute_Path_Traversal__wchar_t_environment_ifstream,inputFile.open((char *)data);,
CWE36_Absolute_Path_Traversal__wchar_t_environment_ofstream,outputFile.open((char *)data);,
CWE36_Absolute_Path_Traversal__wchar_t_environment_open,"fileDesc = OPEN(data, O_RDWR|O_CREAT, S_IREAD|S_IWRITE);",
CWE36_Absolute_Path_Traversal__wchar_t_environment_w32CreateFile,"hFile = CreateFileW(data,
                            (GENERIC_WRITE|GENERIC_READ),
                            0,
                            NULL,
                            OPEN_ALWAYS,
                            FILE_ATTRIBUTE_NORMAL,
                            NULL);",
CWE36_Absolute_Path_Traversal__wchar_t_file_fopen,"pFile = FOPEN(data, L""wb+"");",
CWE36_Absolute_Path_Traversal__wchar_t_file_ifstream,inputFile.open((char *)data);,
CWE36_Absolute_Path_Traversal__wchar_t_file_ofstream,outputFile.open((char *)data);,
CWE36_Absolute_Path_Traversal__wchar_t_file_open,"fileDesc = OPEN(data, O_RDWR|O_CREAT, S_IREAD|S_IWRITE);",
CWE36_Absolute_Path_Traversal__wchar_t_file_w32CreateFile,"hFile = CreateFileW(data,
                            (GENERIC_WRITE|GENERIC_READ),
                            0,
                            NULL,
                            OPEN_ALWAYS,
                            FILE_ATTRIBUTE_NORMAL,
                            NULL);",
CWE36_Absolute_Path_Traversal__wchar_t_listen_socket_fopen,"pFile = FOPEN(data, L""wb+"");",
CWE36_Absolute_Path_Traversal__wchar_t_listen_socket_ifstream,inputFile.open((char *)data);,
CWE36_Absolute_Path_Traversal__wchar_t_listen_socket_ofstream,outputFile.open((char *)data);,
CWE36_Absolute_Path_Traversal__wchar_t_listen_socket_open,"fileDesc = OPEN(data, O_RDWR|O_CREAT, S_IREAD|S_IWRITE);",
CWE36_Absolute_Path_Traversal__wchar_t_listen_socket_w32CreateFile,"hFile = CreateFileW(data,
                            (GENERIC_WRITE|GENERIC_READ),
                            0,
                            NULL,
                            OPEN_ALWAYS,
                            FILE_ATTRIBUTE_NORMAL,
                            NULL);",
CWE78_OS_Command_Injection__char_connect_socket_execl,"EXECL(COMMAND_INT_PATH, COMMAND_INT_PATH, COMMAND_ARG1, COMMAND_ARG3, NULL);",
CWE78_OS_Command_Injection__char_connect_socket_execlp,"EXECLP(COMMAND_INT, COMMAND_INT, COMMAND_ARG1, COMMAND_ARG3, NULL);",
CWE78_OS_Command_Injection__char_connect_socket_popen,"pipe = POPEN(data, ""w"");",
CWE78_OS_Command_Injection__char_connect_socket_system,if (SYSTEM(data) != 0),
CWE78_OS_Command_Injection__char_connect_socket_w32_execv,"EXECV(COMMAND_INT_PATH, args);",
CWE78_OS_Command_Injection__char_connect_socket_w32_execvp,"EXECVP(COMMAND_INT, args);",
CWE78_OS_Command_Injection__char_connect_socket_w32_spawnlp,"_spawnlp(_P_WAIT, COMMAND_INT, COMMAND_INT, COMMAND_ARG1, COMMAND_ARG3, NULL);",
CWE78_OS_Command_Injection__char_connect_socket_w32_spawnv,"_spawnv(_P_WAIT, COMMAND_INT_PATH, args);",
CWE78_OS_Command_Injection__char_connect_socket_w32_spawnvp,"_spawnvp(_P_WAIT, COMMAND_INT, args);",
CWE78_OS_Command_Injection__char_connect_socket_w32spawnl,"_spawnl(_P_WAIT, COMMAND_INT_PATH, COMMAND_INT_PATH, COMMAND_ARG1, COMMAND_ARG3, NULL);",
CWE78_OS_Command_Injection__char_console_execl,"EXECL(COMMAND_INT_PATH, COMMAND_INT_PATH, COMMAND_ARG1, COMMAND_ARG3, NULL);",
CWE78_OS_Command_Injection__char_console_execlp,"EXECLP(COMMAND_INT, COMMAND_INT, COMMAND_ARG1, COMMAND_ARG3, NULL);",
CWE78_OS_Command_Injection__char_console_popen,"pipe = POPEN(data, ""w"");",
CWE78_OS_Command_Injection__char_console_system,if (SYSTEM(data) != 0),
CWE78_OS_Command_Injection__char_console_w32_execv,"EXECV(COMMAND_INT_PATH, args);",
CWE78_OS_Command_Injection__char_console_w32_execvp,"EXECVP(COMMAND_INT, args);",
CWE78_OS_Command_Injection__char_console_w32_spawnlp,"_spawnlp(_P_WAIT, COMMAND_INT, COMMAND_INT, COMMAND_ARG1, COMMAND_ARG3, NULL);",
CWE78_OS_Command_Injection__char_console_w32_spawnv,"_spawnv(_P_WAIT, COMMAND_INT_PATH, args);",
CWE78_OS_Command_Injection__char_console_w32_spawnvp,"_spawnvp(_P_WAIT, COMMAND_INT, args);",
CWE78_OS_Command_Injection__char_console_w32spawnl,"_spawnl(_P_WAIT, COMMAND_INT_PATH, COMMAND_INT_PATH, COMMAND_ARG1, COMMAND_ARG3, NULL);",
CWE78_OS_Command_Injection__char_environment_execl,"EXECL(COMMAND_INT_PATH, COMMAND_INT_PATH, COMMAND_ARG1, COMMAND_ARG3, NULL);",
CWE78_OS_Command_Injection__char_environment_execlp,"EXECLP(COMMAND_INT, COMMAND_INT, COMMAND_ARG1, COMMAND_ARG3, NULL);",
CWE78_OS_Command_Injection__char_environment_popen,"pipe = POPEN(data, ""w"");",
CWE78_OS_Command_Injection__char_environment_system,if (SYSTEM(data) != 0),
CWE78_OS_Command_Injection__char_environment_w32_execv,"EXECV(COMMAND_INT_PATH, args);",
CWE78_OS_Command_Injection__char_environment_w32_execvp,"EXECVP(COMMAND_INT, args);",
CWE78_OS_Command_Injection__char_environment_w32_spawnlp,"_spawnlp(_P_WAIT, COMMAND_INT, COMMAND_INT, COMMAND_ARG1, COMMAND_ARG3, NULL);",
CWE78_OS_Command_Injection__char_environment_w32_spawnv,"_spawnv(_P_WAIT, COMMAND_INT_PATH, args);",
CWE78_OS_Command_Injection__char_environment_w32_spawnvp,"_spawnvp(_P_WAIT, COMMAND_INT, args);",
CWE78_OS_Command_Injection__char_environment_w32spawnl,"_spawnl(_P_WAIT, COMMAND_INT_PATH, COMMAND_INT_PATH, COMMAND_ARG1, COMMAND_ARG3, NULL);",
CWE78_OS_Command_Injection__char_file_execl,"EXECL(COMMAND_INT_PATH, COMMAND_INT_PATH, COMMAND_ARG1, COMMAND_ARG3, NULL);",
CWE78_OS_Command_Injection__char_file_execlp,"EXECLP(COMMAND_INT, COMMAND_INT, COMMAND_ARG1, COMMAND_ARG3, NULL);",
CWE78_OS_Command_Injection__char_file_popen,"pipe = POPEN(data, ""w"");",
CWE78_OS_Command_Injection__char_file_system,if (SYSTEM(data) != 0),
CWE78_OS_Command_Injection__char_file_w32_execvp,"EXECVP(COMMAND_INT, args);",
CWE78_OS_Command_Injection__char_file_w32spawnl,"_spawnl(_P_WAIT, COMMAND_INT_PATH, COMMAND_INT_PATH, COMMAND_ARG1, COMMAND_ARG3, NULL);",
CWE78_OS_Command_Injection__char_file_w32_execv,"EXECV(COMMAND_INT_PATH, args);",
CWE78_OS_Command_Injection__char_file_w32_spawnlp,"_spawnlp(_P_WAIT, COMMAND_INT, COMMAND_INT, COMMAND_ARG1, COMMAND_ARG3, NULL);",
CWE78_OS_Command_Injection__char_file_w32_spawnv,"_spawnv(_P_WAIT, COMMAND_INT_PATH, args);",
CWE78_OS_Command_Injection__char_file_w32_spawnvp,"_spawnvp(_P_WAIT, COMMAND_INT, args);",
CWE78_OS_Command_Injection__char_listen_socket_execl,"EXECL(COMMAND_INT_PATH, COMMAND_INT_PATH, COMMAND_ARG1, COMMAND_ARG3, NULL);",
CWE78_OS_Command_Injection__char_listen_socket_execlp,"EXECLP(COMMAND_INT, COMMAND_INT, COMMAND_ARG1, COMMAND_ARG3, NULL);",
CWE78_OS_Command_Injection__char_listen_socket_popen,"pipe = POPEN(data, ""w"");",
CWE78_OS_Command_Injection__char_listen_socket_system,if (SYSTEM(data) != 0),
CWE78_OS_Command_Injection__char_listen_socket_w32_execv,"EXECV(COMMAND_INT_PATH, args);",
CWE78_OS_Command_Injection__char_listen_socket_w32_execvp,"EXECVP(COMMAND_INT, args);",
CWE78_OS_Command_Injection__char_listen_socket_w32_spawnlp,"_spawnlp(_P_WAIT, COMMAND_INT, COMMAND_INT, COMMAND_ARG1, COMMAND_ARG3, NULL);",
CWE78_OS_Command_Injection__char_listen_socket_w32spawnl,"_spawnl(_P_WAIT, COMMAND_INT_PATH, COMMAND_INT_PATH, COMMAND_ARG1, COMMAND_ARG3, NULL);",
CWE78_OS_Command_Injection__char_listen_socket_w32_spawnv,"_spawnv(_P_WAIT, COMMAND_INT_PATH, args);",
CWE78_OS_Command_Injection__char_listen_socket_w32_spawnvp,"_spawnvp(_P_WAIT, COMMAND_INT, args);",
CWE78_OS_Command_Injection__wchar_t_connect_socket_execl,"EXECL(COMMAND_INT_PATH, COMMAND_INT_PATH, COMMAND_ARG1, COMMAND_ARG3, NULL);",
CWE78_OS_Command_Injection__wchar_t_connect_socket_execlp,"EXECLP(COMMAND_INT, COMMAND_INT, COMMAND_ARG1, COMMAND_ARG3, NULL);",
CWE78_OS_Command_Injection__wchar_t_connect_socket_popen,"pipe = POPEN(data, L""w"");",
CWE78_OS_Command_Injection__wchar_t_connect_socket_system,if (SYSTEM(data) != 0),
CWE78_OS_Command_Injection__wchar_t_connect_socket_w32_execv,"EXECV(COMMAND_INT_PATH, args);",
CWE78_OS_Command_Injection__wchar_t_connect_socket_w32_execvp,"EXECVP(COMMAND_INT, args);",
CWE78_OS_Command_Injection__wchar_t_connect_socket_w32_spawnlp,"_wspawnlp(_P_WAIT, COMMAND_INT, COMMAND_INT, COMMAND_ARG1, COMMAND_ARG3, NULL);",
CWE78_OS_Command_Injection__wchar_t_connect_socket_w32_spawnv,"_wspawnv(_P_WAIT, COMMAND_INT_PATH, args);",
CWE78_OS_Command_Injection__wchar_t_connect_socket_w32_spawnvp,"_wspawnvp(_P_WAIT, COMMAND_INT, args);",
CWE78_OS_Command_Injection__wchar_t_connect_socket_w32spawnl,"_wspawnl(_P_WAIT, COMMAND_INT_PATH, COMMAND_INT_PATH, COMMAND_ARG1, COMMAND_ARG3, NULL);",
CWE78_OS_Command_Injection__wchar_t_console_execl,"EXECL(COMMAND_INT_PATH, COMMAND_INT_PATH, COMMAND_ARG1, COMMAND_ARG3, NULL);",
CWE78_OS_Command_Injection__wchar_t_console_execlp,"EXECLP(COMMAND_INT, COMMAND_INT, COMMAND_ARG1, COMMAND_ARG3, NULL);",
CWE78_OS_Command_Injection__wchar_t_console_popen,"pipe = POPEN(data, L""w"");",
CWE78_OS_Command_Injection__wchar_t_console_system,if (SYSTEM(data) != 0),
CWE78_OS_Command_Injection__wchar_t_console_w32_execv,"EXECV(COMMAND_INT_PATH, args);",
CWE78_OS_Command_Injection__wchar_t_console_w32_execvp,"EXECVP(COMMAND_INT, args);",
CWE78_OS_Command_Injection__wchar_t_console_w32_spawnlp,"_wspawnlp(_P_WAIT, COMMAND_INT, COMMAND_INT, COMMAND_ARG1, COMMAND_ARG3, NULL);",
CWE78_OS_Command_Injection__wchar_t_console_w32_spawnv,"_wspawnv(_P_WAIT, COMMAND_INT_PATH, args);",
CWE78_OS_Command_Injection__wchar_t_console_w32_spawnvp,"_wspawnvp(_P_WAIT, COMMAND_INT, args);",
CWE78_OS_Command_Injection__wchar_t_console_w32spawnl,"_wspawnl(_P_WAIT, COMMAND_INT_PATH, COMMAND_INT_PATH, COMMAND_ARG1, COMMAND_ARG3, NULL);",
CWE78_OS_Command_Injection__wchar_t_environment_execl,"EXECL(COMMAND_INT_PATH, COMMAND_INT_PATH, COMMAND_ARG1, COMMAND_ARG3, NULL);",
CWE78_OS_Command_Injection__wchar_t_environment_execlp,"EXECLP(COMMAND_INT, COMMAND_INT, COMMAND_ARG1, COMMAND_ARG3, NULL);",
CWE78_OS_Command_Injection__wchar_t_environment_popen,"pipe = POPEN(data, L""w"");",
CWE78_OS_Command_Injection__wchar_t_environment_system,if (SYSTEM(data) != 0),
CWE78_OS_Command_Injection__wchar_t_environment_w32_execv,"EXECV(COMMAND_INT_PATH, args);",
CWE78_OS_Command_Injection__wchar_t_environment_w32_execvp,"EXECVP(COMMAND_INT, args);",
CWE78_OS_Command_Injection__wchar_t_environment_w32_spawnlp,"_wspawnlp(_P_WAIT, COMMAND_INT, COMMAND_INT, COMMAND_ARG1, COMMAND_ARG3, NULL);",
CWE78_OS_Command_Injection__wchar_t_environment_w32_spawnv,"_wspawnv(_P_WAIT, COMMAND_INT_PATH, args);",
CWE78_OS_Command_Injection__wchar_t_environment_w32_spawnvp,"_wspawnvp(_P_WAIT, COMMAND_INT, args);",
CWE78_OS_Command_Injection__wchar_t_environment_w32spawnl,"_wspawnl(_P_WAIT, COMMAND_INT_PATH, COMMAND_INT_PATH, COMMAND_ARG1, COMMAND_ARG3, NULL);\",
CWE78_OS_Command_Injection__wchar_t_file_execl,"EXECL(COMMAND_INT_PATH, COMMAND_INT_PATH, COMMAND_ARG1, COMMAND_ARG3, NULL);",
CWE78_OS_Command_Injection__wchar_t_file_execlp,"EXECLP(COMMAND_INT, COMMAND_INT, COMMAND_ARG1, COMMAND_ARG3, NULL);",
CWE78_OS_Command_Injection__wchar_t_file_popen,"pipe = POPEN(data, L""w"");",
CWE78_OS_Command_Injection__wchar_t_file_system,if (SYSTEM(data) != 0),
CWE78_OS_Command_Injection__wchar_t_file_w32_execv,"EXECV(COMMAND_INT_PATH, args);",
CWE78_OS_Command_Injection__wchar_t_file_w32_execvp,"EXECVP(COMMAND_INT, args);",
CWE78_OS_Command_Injection__wchar_t_file_w32_spawnlp,"_wspawnlp(_P_WAIT, COMMAND_INT, COMMAND_INT, COMMAND_ARG1, COMMAND_ARG3, NULL);",
CWE78_OS_Command_Injection__wchar_t_file_w32_spawnv,"_wspawnv(_P_WAIT, COMMAND_INT_PATH, args);",
CWE78_OS_Command_Injection__wchar_t_file_w32_spawnvp,"_wspawnvp(_P_WAIT, COMMAND_INT, args);",
CWE78_OS_Command_Injection__wchar_t_file_w32spawnl,"_wspawnl(_P_WAIT, COMMAND_INT_PATH, COMMAND_INT_PATH, COMMAND_ARG1, COMMAND_ARG3, NULL);",
CWE78_OS_Command_Injection__wchar_t_listen_socket_execl,"EXECL(COMMAND_INT_PATH, COMMAND_INT_PATH, COMMAND_ARG1, COMMAND_ARG3, NULL);",
CWE78_OS_Command_Injection__wchar_t_listen_socket_execlp,"EXECLP(COMMAND_INT, COMMAND_INT, COMMAND_ARG1, COMMAND_ARG3, NULL);",
CWE78_OS_Command_Injection__wchar_t_listen_socket_popen,"pipe = POPEN(data, L""w"");",
CWE78_OS_Command_Injection__wchar_t_listen_socket_system,if (SYSTEM(data) != 0),
CWE78_OS_Command_Injection__wchar_t_listen_socket_w32_execvp,"EXECVP(COMMAND_INT, args);",
CWE78_OS_Command_Injection__wchar_t_listen_socket_w32spawnl,"_wspawnl(_P_WAIT, COMMAND_INT_PATH, COMMAND_INT_PATH, COMMAND_ARG1, COMMAND_ARG3, NULL);",
CWE78_OS_Command_Injection__wchar_t_listen_socket_w32_execv,"EXECV(COMMAND_INT_PATH, args);",
CWE78_OS_Command_Injection__wchar_t_listen_socket_w32_spawnlp,"_wspawnlp(_P_WAIT, COMMAND_INT, COMMAND_INT, COMMAND_ARG1, COMMAND_ARG3, NULL);",
CWE78_OS_Command_Injection__wchar_t_listen_socket_w32_spawnv,"_wspawnv(_P_WAIT, COMMAND_INT_PATH, args);",
CWE78_OS_Command_Injection__wchar_t_listen_socket_w32_spawnvp,"_wspawnvp(_P_WAIT, COMMAND_INT, args);",
CWE90_LDAP_Injection__w32_char_connect_socket,"_snprintf(filter, 256-1, ""(cn=%s)"", data);",
CWE90_LDAP_Injection__w32_char_console,"_snprintf(filter, 256-1, ""(cn=%s)"", data);",
CWE90_LDAP_Injection__w32_char_environment,"_snprintf(filter, 256-1, ""(cn=%s)"", data);",
CWE90_LDAP_Injection__w32_char_file,"_snprintf(filter, 256-1, ""(cn=%s)"", data);",
CWE90_LDAP_Injection__w32_char_listen_socket,"_snprintf(filter, 256-1, ""(cn=%s)"", data);",
CWE90_LDAP_Injection__w32_wchar_t_connect_socket,"_snwprintf(filter, 256-1, L""(cn=%s)"", data);",
CWE90_LDAP_Injection__w32_wchar_t_console,"_snwprintf(filter, 256-1, L""(cn=%s)"", data);",
CWE90_LDAP_Injection__w32_wchar_t_environment,"_snwprintf(filter, 256-1, L""(cn=%s)"", data);",
CWE90_LDAP_Injection__w32_wchar_t_file,"_snwprintf(filter, 256-1, L""(cn=%s)"", data);",
CWE90_LDAP_Injection__w32_wchar_t_listen_socket,"_snwprintf(filter, 256-1, L""(cn=%s)"", data);",
CWE114_Process_Control__w32_char_connect_socket,hModule = LoadLibraryA(data);,
CWE114_Process_Control__w32_char_console,hModule = LoadLibraryA(data);,
CWE114_Process_Control__w32_char_environment,hModule = LoadLibraryA(data);,
CWE114_Process_Control__w32_char_file,hModule = LoadLibraryA(data);,
CWE114_Process_Control__w32_char_listen_socket,hModule = LoadLibraryA(data);,
CWE114_Process_Control__w32_char_relativePath,hModule = LoadLibraryA(data);,
CWE114_Process_Control__w32_wchar_t_connect_socket,hModule = LoadLibraryW(data);,
CWE114_Process_Control__w32_wchar_t_console,hModule = LoadLibraryW(data);,
CWE114_Process_Control__w32_wchar_t_environment,hModule = LoadLibraryW(data);,
CWE114_Process_Control__w32_wchar_t_file,hModule = LoadLibraryW(data);,
CWE114_Process_Control__w32_wchar_t_listen_socket,hModule = LoadLibraryW(data);,
CWE114_Process_Control__w32_wchar_t_relativePath,hModule = LoadLibraryW(data);,
CWE121_Stack_Based_Buffer_Overflow__char_type_overrun_memcpy,"memcpy(structCharVoid.charFirst, SRC_STR, sizeof(structCharVoid));",
CWE121_Stack_Based_Buffer_Overflow__char_type_overrun_memmove,"memmove(structCharVoid.charFirst, SRC_STR, sizeof(structCharVoid));",
CWE121_Stack_Based_Buffer_Overflow__CWE129_connect_socket,buffer[data] = 1;,
CWE121_Stack_Based_Buffer_Overflow__CWE129_fgets,buffer[data] = 1;,
CWE121_Stack_Based_Buffer_Overflow__CWE129_fscanf,buffer[data] = 1;,
CWE121_Stack_Based_Buffer_Overflow__CWE129_large,buffer[data] = 1;,
CWE121_Stack_Based_Buffer_Overflow__CWE129_listen_socket,buffer[data] = 1;,
CWE121_Stack_Based_Buffer_Overflow__CWE129_rand,buffer[data] = 1;,
CWE121_Stack_Based_Buffer_Overflow__CWE131_loop,data[i] = source[i];,
CWE121_Stack_Based_Buffer_Overflow__CWE131_memcpy,"memcpy(data, source, 10*sizeof(int));",
CWE121_Stack_Based_Buffer_Overflow__CWE131_memmove,"memmove(data, source, 10*sizeof(int));",
CWE121_Stack_Based_Buffer_Overflow__CWE135,size_t dataLen = strlen((char *)data);,
CWE121_Stack_Based_Buffer_Overflow__CWE193_char_alloca_cpy,"strcpy(data, source);",
CWE121_Stack_Based_Buffer_Overflow__CWE193_char_alloca_loop,data[i] = source[i];,
CWE121_Stack_Based_Buffer_Overflow__CWE193_char_alloca_memcpy,"memcpy(data, source, (strlen(source) + 1) * sizeof(char));",
CWE121_Stack_Based_Buffer_Overflow__CWE193_char_alloca_memmove,"memmove(data, source, (strlen(source) + 1) * sizeof(char));",
CWE121_Stack_Based_Buffer_Overflow__CWE193_char_alloca_ncpy,"strncpy(data, source, strlen(source) + 1);",
CWE121_Stack_Based_Buffer_Overflow__CWE193_char_declare_cpy,"strcpy(data, source);",
CWE121_Stack_Based_Buffer_Overflow__CWE193_char_declare_loop,data[i] = source[i];,
CWE121_Stack_Based_Buffer_Overflow__CWE193_char_declare_memcpy,"memcpy(data, source, (strlen(source) + 1) * sizeof(char));",
CWE121_Stack_Based_Buffer_Overflow__CWE193_char_declare_memmove,"memmove(data, source, (strlen(source) + 1) * sizeof(char));",
CWE121_Stack_Based_Buffer_Overflow__CWE193_char_declare_ncpy,"strncpy(data, source, strlen(source) + 1);",
CWE121_Stack_Based_Buffer_Overflow__CWE193_wchar_t_alloca_cpy,"wcscpy(data, source);",
CWE121_Stack_Based_Buffer_Overflow__CWE193_wchar_t_alloca_loop,data[i] = source[i];,
CWE121_Stack_Based_Buffer_Overflow__CWE193_wchar_t_alloca_memcpy,"memcpy(data, source, (wcslen(source) + 1) * sizeof(wchar_t));",
CWE121_Stack_Based_Buffer_Overflow__CWE193_wchar_t_alloca_memmove,"memmove(data, source, (wcslen(source) + 1) * sizeof(wchar_t));",
CWE121_Stack_Based_Buffer_Overflow__CWE193_wchar_t_alloca_ncpy,"wcsncpy(data, source, wcslen(source) + 1);",
CWE121_Stack_Based_Buffer_Overflow__CWE193_wchar_t_declare_cpy,"wcscpy(data, source);",
CWE121_Stack_Based_Buffer_Overflow__CWE193_wchar_t_declare_loop,data[i] = source[i];,
CWE121_Stack_Based_Buffer_Overflow__CWE193_wchar_t_declare_memcpy,"memcpy(data, source, (wcslen(source) + 1) * sizeof(wchar_t));",
CWE121_Stack_Based_Buffer_Overflow__CWE193_wchar_t_declare_memmove,"memmove(data, source, (wcslen(source) + 1) * sizeof(wchar_t));",
CWE121_Stack_Based_Buffer_Overflow__CWE193_wchar_t_declare_ncpy,"wcsncpy(data, source, wcslen(source) + 1);",
CWE121_Stack_Based_Buffer_Overflow__CWE805_char_alloca_loop,data[i] = source[i];,
CWE121_Stack_Based_Buffer_Overflow__CWE805_char_alloca_memcpy,"memcpy(data, source, 100*sizeof(char));",
CWE121_Stack_Based_Buffer_Overflow__CWE805_char_alloca_memmove,"memmove(data, source, 100*sizeof(char));",
CWE121_Stack_Based_Buffer_Overflow__CWE805_char_alloca_ncat,"strncat(data, source, 100);",
CWE121_Stack_Based_Buffer_Overflow__CWE805_char_alloca_ncpy,"strncpy(data, source, 100-1);",
CWE121_Stack_Based_Buffer_Overflow__CWE805_char_alloca_snprintf,"SNPRINTF(data, 100, ""%s"", source);",
CWE121_Stack_Based_Buffer_Overflow__CWE805_char_declare_loop,data = dataGoodBuffer;,-
CWE121_Stack_Based_Buffer_Overflow__CWE805_char_declare_memcpy,"memcpy(data, source, 100*sizeof(char));",
CWE121_Stack_Based_Buffer_Overflow__CWE805_char_declare_memmove,"memmove(data, source, 100*sizeof(char));",
CWE121_Stack_Based_Buffer_Overflow__CWE805_char_declare_ncat,"strncat(data, source, 100);",
CWE121_Stack_Based_Buffer_Overflow__CWE805_char_declare_ncpy,"strncpy(data, source, 100-1);",
CWE121_Stack_Based_Buffer_Overflow__CWE805_char_declare_snprintf,"SNPRINTF(data, 100, ""%s"", source);",
CWE121_Stack_Based_Buffer_Overflow__CWE805_int_alloca_loop,data[i] = source[i];,
CWE121_Stack_Based_Buffer_Overflow__CWE805_int_alloca_memcpy,"memcpy(data, source, 100*sizeof(int));",
CWE121_Stack_Based_Buffer_Overflow__CWE805_int_alloca_memmove,"memmove(data, source, 100*sizeof(int));",
CWE121_Stack_Based_Buffer_Overflow__CWE805_int_declare_loop,data[i] = source[i];,
CWE121_Stack_Based_Buffer_Overflow__CWE805_int_declare_memcpy,"memcpy(data, source, 100*sizeof(int));",
CWE121_Stack_Based_Buffer_Overflow__CWE805_int_declare_memmove,"memmove(data, source, 100*sizeof(int));",
CWE121_Stack_Based_Buffer_Overflow__CWE805_int64_t_alloca_loop,data[i] = source[i];,
CWE121_Stack_Based_Buffer_Overflow__CWE805_int64_t_alloca_memcpy,"memcpy(data, source, 100*sizeof(int64_t));",
CWE121_Stack_Based_Buffer_Overflow__CWE805_int64_t_alloca_memmove,"memmove(data, source, 100*sizeof(int64_t));",
CWE121_Stack_Based_Buffer_Overflow__CWE805_int64_t_declare_loop,data[i] = source[i];,
CWE121_Stack_Based_Buffer_Overflow__CWE805_int64_t_declare_memcpy,"memcpy(data, source, 100*sizeof(int64_t));",
CWE121_Stack_Based_Buffer_Overflow__CWE805_int64_t_declare_memmove,"memmove(data, source, 100*sizeof(int64_t));",
CWE121_Stack_Based_Buffer_Overflow__CWE805_struct_alloca_loop,data[i] = source[i];,
CWE121_Stack_Based_Buffer_Overflow__CWE805_struct_alloca_memcpy,"memcpy(data, source, 100*sizeof(twoIntsStruct));",
CWE121_Stack_Based_Buffer_Overflow__CWE805_struct_alloca_memmove,"memmove(data, source, 100*sizeof(twoIntsStruct));",
CWE121_Stack_Based_Buffer_Overflow__CWE805_struct_declare_loop,data[i] = source[i];,
CWE121_Stack_Based_Buffer_Overflow__CWE805_struct_declare_memcpy,"memcpy(data, source, 100*sizeof(twoIntsStruct));",
CWE121_Stack_Based_Buffer_Overflow__CWE805_struct_declare_memmove,"memmove(data, source, 100*sizeof(twoIntsStruct));",
CWE121_Stack_Based_Buffer_Overflow__CWE805_wchar_t_alloca_loop,data[i] = source[i];,
CWE121_Stack_Based_Buffer_Overflow__CWE805_wchar_t_alloca_memcpy,"memcpy(data, source, 100*sizeof(wchar_t));",
CWE121_Stack_Based_Buffer_Overflow__CWE805_wchar_t_alloca_memmove,"memmove(data, source, 100*sizeof(wchar_t));",
CWE121_Stack_Based_Buffer_Overflow__CWE805_wchar_t_alloca_ncat,"wcsncat(data, source, 100);",
CWE121_Stack_Based_Buffer_Overflow__CWE805_wchar_t_alloca_ncpy,"wcsncpy(data, source, 100-1);",
CWE121_Stack_Based_Buffer_Overflow__CWE805_wchar_t_alloca_snprintf,"SNPRINTF(data, 100, L""%s"", source);",
CWE121_Stack_Based_Buffer_Overflow__CWE805_wchar_t_declare_loop,data[i] = source[i];,
CWE121_Stack_Based_Buffer_Overflow__CWE805_wchar_t_declare_memcpy,"memcpy(data, source, 100*sizeof(wchar_t));",
CWE121_Stack_Based_Buffer_Overflow__CWE805_wchar_t_declare_memmove,"memmove(data, source, 100*sizeof(wchar_t));",
CWE121_Stack_Based_Buffer_Overflow__CWE805_wchar_t_declare_ncat,"wcsncat(data, source, 100);",
CWE121_Stack_Based_Buffer_Overflow__CWE805_wchar_t_declare_ncpy,"wcsncpy(data, source, 100-1);",
CWE121_Stack_Based_Buffer_Overflow__CWE805_wchar_t_declare_snprintf,"SNPRINTF(data, 100, L""%s"", source);",
CWE121_Stack_Based_Buffer_Overflow__CWE806_char_alloca_loop,dest[i] = data[i];,
CWE121_Stack_Based_Buffer_Overflow__CWE806_char_alloca_memcpy,"memcpy(dest, data, strlen(data)*sizeof(char));",
CWE121_Stack_Based_Buffer_Overflow__CWE806_char_alloca_memmove,"memmove(dest, data, strlen(data)*sizeof(char));",
CWE121_Stack_Based_Buffer_Overflow__CWE806_char_alloca_ncat,"strncat(dest, data, strlen(data));",
CWE121_Stack_Based_Buffer_Overflow__CWE806_char_alloca_ncpy,"strncpy(dest, data, strlen(data));",
CWE121_Stack_Based_Buffer_Overflow__CWE806_char_alloca_snprintf,"SNPRINTF(dest, strlen(data), ""%s"", data);",
CWE121_Stack_Based_Buffer_Overflow__CWE806_char_declare_loop,dest[i] = data[i];,
CWE121_Stack_Based_Buffer_Overflow__CWE806_char_declare_memcpy,"memcpy(dest, data, strlen(data)*sizeof(char));",
CWE121_Stack_Based_Buffer_Overflow__CWE806_char_declare_memmove,"memmove(dest, data, strlen(data)*sizeof(char));",
CWE121_Stack_Based_Buffer_Overflow__CWE806_char_declare_ncat,"strncat(dest, data, strlen(data));",
CWE121_Stack_Based_Buffer_Overflow__CWE806_char_declare_ncpy,"strncpy(dest, data, strlen(data));",
CWE121_Stack_Based_Buffer_Overflow__CWE806_char_declare_snprintf,"SNPRINTF(dest, strlen(data), ""%s"", data);",
CWE121_Stack_Based_Buffer_Overflow__CWE806_wchar_t_alloca_loop,dest[i] = data[i];,
CWE121_Stack_Based_Buffer_Overflow__CWE806_wchar_t_alloca_memcpy,"memcpy(dest, data, wcslen(data)*sizeof(wchar_t));",
CWE121_Stack_Based_Buffer_Overflow__CWE806_wchar_t_alloca_memmove,"memmove(dest, data, wcslen(data)*sizeof(wchar_t));",
CWE121_Stack_Based_Buffer_Overflow__CWE806_wchar_t_alloca_ncat,"wcsncat(dest, data, wcslen(data));",
CWE121_Stack_Based_Buffer_Overflow__CWE806_wchar_t_alloca_ncpy,"wcsncpy(dest, data, wcslen(data));",
CWE121_Stack_Based_Buffer_Overflow__CWE806_wchar_t_alloca_snprintf,"SNPRINTF(dest, wcslen(data), L""%s"", data);",
CWE121_Stack_Based_Buffer_Overflow__CWE806_wchar_t_declare_loop,dest[i] = data[i];,
CWE121_Stack_Based_Buffer_Overflow__CWE806_wchar_t_declare_memcpy,"memcpy(dest, data, wcslen(data)*sizeof(wchar_t));",
CWE121_Stack_Based_Buffer_Overflow__CWE806_wchar_t_declare_memmove,"memmove(dest, data, wcslen(data)*sizeof(wchar_t));",
CWE121_Stack_Based_Buffer_Overflow__CWE806_wchar_t_declare_ncat,"wcsncat(dest, data, wcslen(data));",
CWE121_Stack_Based_Buffer_Overflow__CWE806_wchar_t_declare_ncpy,"wcsncpy(dest, data, wcslen(data));",
CWE121_Stack_Based_Buffer_Overflow__CWE806_wchar_t_declare_snprintf,"SNPRINTF(dest, wcslen(data), L""%s"", data);",
CWE121_Stack_Based_Buffer_Overflow__dest_char_alloca_cat,"strcat(data, source);",
CWE121_Stack_Based_Buffer_Overflow__dest_char_alloca_cpy,"strcpy(data, source);",
CWE121_Stack_Based_Buffer_Overflow__dest_char_declare_cat,"strcat(data, source);",
CWE121_Stack_Based_Buffer_Overflow__dest_char_declare_cpy,"strcpy(data, source);",
CWE121_Stack_Based_Buffer_Overflow__dest_wchar_t_alloca_cat,"wcscat(data, source);",
CWE121_Stack_Based_Buffer_Overflow__dest_wchar_t_alloca_cpy,"wcscpy(data, source);",
CWE121_Stack_Based_Buffer_Overflow__dest_wchar_t_declare_cat,"wcscat(data, source);",
CWE121_Stack_Based_Buffer_Overflow__dest_wchar_t_declare_cpy,"wcscpy(data, source);",
CWE121_Stack_Based_Buffer_Overflow__placement_new_alloca,classTwo->intTwo = 10;,
CWE121_Stack_Based_Buffer_Overflow__placement_new_declare,classTwo->intTwo = 10;,
CWE121_Stack_Based_Buffer_Overflow__src_char_alloca_cat,"strcat(dest, data);",
CWE121_Stack_Based_Buffer_Overflow__src_char_alloca_cpy,"strcpy(dest, data);",
CWE121_Stack_Based_Buffer_Overflow__src_char_declare_cat,"strcat(dest, data);",
CWE121_Stack_Based_Buffer_Overflow__src_char_declare_cpy,"strcpy(dest, data);",
CWE121_Stack_Based_Buffer_Overflow__src_wchar_t_alloca_cat,"wcscat(dest, data);",
CWE121_Stack_Based_Buffer_Overflow__src_wchar_t_alloca_cpy,"wcscpy(dest, data);",
CWE121_Stack_Based_Buffer_Overflow__src_wchar_t_declare_cat,"wcscat(dest, data);",
CWE121_Stack_Based_Buffer_Overflow__src_wchar_t_declare_cpy,"wcscpy(dest, data);",
CWE121_Stack_Based_Buffer_Overflow__wchar_t_type_overrun_memcpy,"memcpy(structCharVoid.charFirst, SRC_STR, sizeof(structCharVoid));",
CWE121_Stack_Based_Buffer_Overflow__wchar_t_type_overrun_memmove,"memmove(structCharVoid.charFirst, SRC_STR, sizeof(structCharVoid));",
